{"cameraMode":{"drawMode":0,"name":"Shaded","section":"Shading Mode"},"sceneLighting":true,"audioPlay":false,"sceneViewState":{"showFog":true,"showMaterialUpdate":false,"showSkybox":true,"showFlares":true,"showImageEffects":true,"showParticleSystems":true},"in2DMode":false,"pivot":{"x":22.22191619873047,"y":-0.39398521184921267,"z":0.0030341744422912599},"rotation":{"x":0.2767801582813263,"y":-0.20693859457969666,"z":0.0611671581864357,"w":0.936393141746521},"size":2.448389768600464,"orthographic":false}