{"cameraMode":{"drawMode":0,"name":"Shaded","section":"Shading Mode"},"sceneLighting":true,"audioPlay":false,"sceneViewState":{"showFog":true,"showMaterialUpdate":false,"showSkybox":true,"showFlares":true,"showImageEffects":true,"showParticleSystems":true},"in2DMode":false,"pivot":{"x":21.18000030517578,"y":1.380000114440918,"z":-5.960464477539063e-8},"rotation":{"x":0.06924241036176682,"y":0.4761851131916046,"z":-0.03764922544360161,"w":0.8758091926574707},"size":1.3606603145599366,"orthographic":false}